cigarsandmorema.com	0
cigarnvapes.com	0
vaperztx.com	1
vapeinperfection.com	1
smokestackpgh.com	0
smokesmartllc.com	1
vape-fuel.com	1
vapecrypto.com	1
smoke4you.com	0
vapedojo.com	1
smokesandsuch.com	0
vapecationvapeshop.com	1
vapecraz3.com	1
vapejuice911.com	0
vapesolutionsdistributing.com	1
cigarmanor.com	1
cigartowns.com	1
tobacco4lesscville.com	0
vapeforic.com	1
smokersworld.org	0
vape-street.com	0
vapejuicedepot.com	1
vape-tronix.com	0
vapeszn.com	1
vape.sale	1
vapedelivery.net	0
smokerzparadize.com	0
smokersdomain.com	0
smokesmithgear.com	1
smokersmecca.com	0
vapeclouds.com	1
smoketonight.com	0
cigarandspirits.com	0
vapeldrs.com	1
smokymountainnaturals.com	0
cigarpimp.com	1
smokingthings.com	0
smokingnvaping.com	1
smoking-hookah.com	0
smokengunsoakmont.com	0
vapebig.com	0
vaperysitty.com	0
cigartowne.com	0
vapethehive.com	0
vapeisland.net	0
tobaccocigarettesinclearwaterfl.com	0
vapealotshop.com	1
vape1111.com	1
smokeshopinabox.com	0
smokea.com	0
smokersemporiumonline.com	0
vapemore4less.com	0
vaperzinc.com	0
smokescreenllc.com	1
smokeoutsolutions.com	0
vapetasia.com	0
vapersandpapers.com	1
smoketip.com	0
tobacco-barn.com	0
vapeintrend.com	0
smokingthrones.com	0
cigarfactoryneworleans.com	1
smokereports.com	0
vapevct.com	0
vapecity.net	0
smokinjoesoutlet.com	0
vaperoo.com	1
vapeorvape.com	0
vapecityarkansas.com	0
vapeshoppelhc.com	0
ciggfreeds.com	0
cigarsinternational.com	0
vapemedspure.com	0
vapehousehi.com	1
vapergoods.com	1
smokelessaces.com	1
vapesupply.co	0
vapejjuice.com	0
vaperunners.com	0
vapeorvapejuice.com	0
vaperjungle.com	0
tobaccocartel.com	1
vapewh.com	1
vapecentralgroup.com	1
vapeguysinc.com	1
vapeshoppros.com	1
smokersheaven.biz	0
smokinvaporpcb.com	0
cigarcave.biz	0
smokerfriendly.com	1
smokenbrew.com	0
vapegasmic.com	1
vapervenue.com	0
vapeciti.com	0
cigars.com	0
vapers-edge.com	1
tobaccoleafonline.com	0
cigarboutique.net	0
vapeguysva.com	1
vapebright.com	0
vapeten.com	0
smokyhookah.com	0
vapeurextract.com	0
smokesignalsaz.com	0
vapeslushees.com	0
vapejet.com	0
vapedistrousa.com	0
vapeilluminate.com	0
vaperstek.com	0
vaperstek.org	0
vapejp.com	1
vapenight.com	0
vapeattic.com	0
vapegenie.com	1
vaperanger.co.uk	1
vapershero.com	1
smokercastle.com	0
cigarsfor.me	0
vapemyst.com	1
vapeshowcase.com	1
smokingwithstyle.com	0
smokingvaporstore.com	1
vapecryptostore.com	0
vapeeveryday.com	0
vapeshackvs.com	0
cigarrowevents.com	0
smokeshopinnorthhollywood.com	0
vapegoons.com	1
smokeshoplot.com	0
vapel1fe.com	0
vapeplacewla.com	0
smokethis.io	0
cigarvixen.com	0
tobaccomerchanthendersonville.com	0
smokeymonkeycolorado.com	0
vapencherrys.com	0
smokerevolt.com	0
smokeanywhereforpennys.com	0
smokinvaporbham.com	1
vapeecigsuk.com	0
vapebombwholesale.com	0
vapesmoker.co	0
vapescape.com	0
vapestatic.com	0
cigarshopanaheimca.com	0
vapenjays.com	1
smokinghotcigars.com	0
vapeperfectstache.com	0
vapegrocery.com	0
cigarbundles.net	0
vapes.com	1
smokemcigars.com	0
cigarsaveur.com	0
smokeshopwhiteplains.com	0
vapeamericainc-com.myshopify.com	0
vapesnation.com	0
vapegoat.com	0
smokeshoprebelaz.com	0
smokedreamschicago.com	0
vaperpix.com	0
vapekult.com	1
vapefrogaugusta.com	0
vapemilk.com	1
vapeinternational.com	1
vapesocietysupply.com	0
smokeshopsanmarcostx.com	0
vapesportland.com	0
cigarboxpa.com	1
vape2o.net	0
vape-guru.com	0
vape4.life	0
vapex.co	0
vapearomatx.com	0
cigarcigar.us	0
vapeworx.net	0
smokebrakevapes.com	0
vapefluid.com	0
vapebartender.com	1
vapetales.com	0
vapejackpotjuice.com	0
vapefiends.com	0
vaperanger.com	0
smokershaveninc.com	0
vapecrusaders.net	1
vapetrixie.com	0
vapegirlvixens.com	1
vaperistas.com	0
vapergate.com	0
vapeenvy.net	0
smokeends.com	1
vapemaniacs.com	0
vapetou.com	0
vapewholesaledirect.com	0
vape-it-all.com	0
vapeproper.com	1
vapecaviar.com	1
vapesking.com	0
vapeswholesale.com	0
vapethegrape.com	0
vaperoyalty.com	1
vapedreamers-com.myshopify.com	1
smokenstuffpdx.com	0
vapeamp.com	1
vapegoddess.net	0
vapeotle-com.myshopify.com	0
vapesmartjdm.com	0
vape-rising.com	1
smokecrossroads.com	1
vapestarphilly.com	0
vapeliqs.com	1
vapestar.com	1
vapethestore.com	1
smokeybarrel.co	1
vape-square.com	0
vape58.com	1
vape-one.com	1
vapeport.com	1
vapepals.com	0
vapenstead.com	0
vapealldayusa.com	0
vape-game.com	0
vapetitan.com	1
vapeswholesaleusa.com	1
smokeandvape.com	1
vapershardware.com	1
vapescorpion.com	0
smoke2vapor.com	0
vapesalesupply-com.myshopify.com	1
vapesalesupply.com	1
tobaccovalley.net	0
vapeescapedelaware.com	1
vapesations.com	0
vapeescape.com	0
vapenw.com	1
smokeshopinc.com	1
vapemadness.com	0
vapeoholicny.com	0
vapelite.com	1
vaper-rx.com	0
vapeoholic.com	1
vape-box.com	0
smoke4less.com	0
vapedemand.com	0
vapeciggy.com	0
vape1800.com	0
vapendeal.com	0
vape-vibe.com	0
smokinalternatives.com	0
vapesdirectonline.com	0
vapefortified.com	1
vapenation.com	0
vapewebmasters.com	0
vapefire.net	0
vapepen.us	0
vapesaholics.com	0
vapeny.com	0
vapelegends.com	0
vapenscrape.net	0
cigarfly.com	0
smokingpipes.com	0
cigargrog.com	0
tobaccopipes.com	0
vapersindustry.com	1
vapestoreworldwide.com	0
cigar-e-liquid.com	0
vape911.com	1
vapeonhuntsville.com	0
vapesavers.net	0
vapeunited.com	0
smokedagger.com	0
vapelucky13.com	0
vapeoverload.com	0
vapeupusa.com	1
vapeartistry.com	0
vapeconnexion.com	0
smokersvapor.com	0
vapenvaper.com	0
vapeagain.com	0
tobaccosofhawaii.com	0
cigarboxinc.com	0
vapetrails.com	0
vapecraftinc.com	0
tobaccohutmckinney.com	0
smokinvapor.com	1
vapethisecigs.com	0
vapezing.com	0
vape-co.com	1
vapenvapor.com	1
vaperzonline.com	1
vapetl.com	0
vapecentralphx.com	0
vapemeaway.com	1
vapethree.com	0
vapepenred.com	0
cigsneverburn.com	0
vapeinc.com	0
vapetopiainc.com	0
vapeclarity.com	0
vapealot.com	1
vapershobbyshop.com	0
vapetechinc.com	0
vape4style.com	1
vapeonjc.com	1
vapewind.com	1
vapeamore.com	0
vapeindustry.com	0
vapezombies.com	0
vapestoreusa.com	0
vapedispensary.com	0
smokenvapor.com	1
cignaturevape.com	0
smoke-evolution.com	0
vape02.com	0
vapeplay.com	0
vapersvape.com	1
smokeyshawaii.com	0
vapeonmadison.com	0
vapefrog.com	0
vapekingecig.com	0
smokecignals.com	0
cigartimetexas.com	0
cigarsandmore.com	0
cigarcitymarketing.com	0
smokefreeliving.co	0
vapeguyz.com	0
vapexdistro.com	0
vapecty.com	1
vapevineonline.com	1
vapefreshjuice.com	1
smokebrain.com	0
vapepensales.com	1
vapeaura.com	0
vapeolabs.com	0
smokingship.com	0
vapechemist.com	1
smokeovapor.com	1
smokingrevolutionecig.com	0
smokecityca.com	0
cigarscity.com	1
smokefreerevolution.com	0
smokeshop21.com	0
vapergarden.com	0
smokesation.com	1
smokeking.com	0
smokersheaven.com	0
vapemy.com	0
vapefatty.com	0
vapesgonewild.com	1
smokelessimage.com	0
vapegard.com	0
tobaccoandcigar.com	0
smokinglamp.com	0
cigarettesforless.com	0
cigarfest.org	0
cigabuy.com	0
vapecenteric.com	0
vapeshopinraleighnc.com	0
vapeshopinmanchesterct.com	0
smokingcannons.com	0
smokinjoes.com	1
vapeshopsupply.com	1
vapewild.com	0
smokershaven.com	0
cigarbundlesofmiami.com	1
vaperzcloud.com	1
vapelikeag.com	0
vapecentral305.com	0
vapejoose.com	1
vapeonliquids.com	0
smokingvapor.com	1
vapestore.com	0
vapestorm.com	1
vape-storm.com	1
tobaccobarntucson.com	0
vapenontopecig.com	0
vapeandpillage.net	0
smokinmrbills.com	0
cigarsplus.com	0
smokes4less.com	1
cigarjedi.com	0
vapessupplies.com	0
smokindragon.com	0
cigarandfinespirits.com	0
cigarrepublicusa.com	0
vape94.com	0
vapecod.net	0
smoketime.com	0
cigaretshopper.com	1
vapeclass.co.uk	0
vapepgh.com	0
vapestoplv.com	0
smokingcaveoutlet.com	0
tobaccohouse.us	1
vapedynasty.com	0
smokenstuffhouston.com	1
smoke-n-chew.com	0
tobaccocove.com	0
cignot.net	0
cigarcigarspa.com	0
smokeringsonline.com	0
tobaccohabana1.com	0
vaperite.com	1
vapertech.com	0
smoktek.com	0
smokezy.com	0
cigarplace.biz	0
vapedudes.com	0
smokersmountain.com	0
vapekingeliquid.com	0
vapes2for1.com	0
cigars.co.uk	1
vapejunction.com	0
vaperev.com	0
smoko.com	1
vapestick.co.uk	0
cigarsunlimited.co.uk	1
vapeusa.com	0
vapecentric.com	1
smokesocial.org	0
cigarvolante.com	0
smokefreeroom.com	0
tobaccosheds.com	0
smokelessmn.com	1
cigars-now.com	0
ciggiesworld.com	0
cigarearth.com	0
smokefreeonline.com	1
cigtechs.com	0
cigarcatering.com	0
tobacconmore.com	0
vapeboy.com	1
vapemavs.com	0
vapedoutdistro.com	0
vapesolutely.com	0
vape-chicago.com	0
vapeprosonline.com	0
smokeshopmanteca.com	0
smokeshopinphoenix.com	0
smokescenenyc.com	0
smokingpipeshop.com	0
cigarmasfino.com	0
cigarjoes.com	0
vape101.net	0
cigarbid.com	0
smokewithmike.com	0
vapezonline.com	0
vapesandmore.com	0
vapedepotinc.com	0
vapeinc.biz	0
vapedaddyjoose.com	0
vapevibes.com	0
vapermate.com	0
vapeinnonliberty.com	0
vapeinn-oncarson.com	0
vapeplace.com	0
smokestopvapor.com	0
smokelessecigs.net	1
cigarpalace.com	0
smoknhotvapors.net	0
cigarroom.net	0
cigarettesflavor.com	0
smokeecigsusa.com	0
smokinharleyscigars.com	0
vapeescapes.com	0
smokepower.com	0
cigarbundlefactory.com	0
smokelessdelite.com	0
smokeinn.com	0
smoke51.com	0
vapescene.net	0
cigaradvisor.com	0
tobacco-merchant.com	0
tobaccogrove.com	0
cigaroasislounge.com	0
cigarbarandgrill.com	0
smokerisebottle.com	0
smokersoutlet.com	0
smokerfriendlytn.com	0
smokesandbrews.com	0
smokerschoiceusa.com	1
smokeshopetc.com	0
smokesonstate.com	0
tobaccohaus.com	0
cigarcellarmiami.com	0
cigeline.eu	0
vapeloft.com	0
vapeamericainc.com	0
vape-shoppe.com	0
vapethehabitstore.com	0
smokefreevapor.net	1
vapesales.com	1
cigarmemoir.com	0
cigarfinderapp.com	0
vapevo.com	0
cigarloversparadise.com	0
tobaccogeneral.com	0
vaperholic.co.uk	0
vapersemporium.com	0
smoke-shop-downey.com	0
vapedlife.com	0
smokeandale.com	0
smoketoken.com	0
vapeave.net	0
vapecliq.com	0
smokingwithoutsmoke.com	0
smokinglassworks.com	1
vapemonkey.com	0
cigarjones.com	0
tobaccoking.com	0
vaperig.net	0
cigarfrogs.com	0
cigarpride.com	0
smokesolutionsshop.com	0
cigarshoponline.com	0
cigarscentral.com	0
vapecigonline.com	1
vapetherapy.com	0
smokesnpuff.com	0
vapeinnoncarson.com	0
cigarhustler.com	0
vapeprime.com	0
smoke4lessdekalb.com	0
tobacco-joes.com	0
smokesvaporzone.com	0
smokeitupvapors.com	0
vapeusa.biz	0
vapenoize.com	0
vapesourcela.com	0
tobaccoshoppeofmidland.com	0
cigarboxtulsa.com	0
smokersexpresspa.com	0
vapelements.com	0
smokinjs.com	1
cigarsatyourprice.com	0
smokeheadshop.com	0
smokelessinseattle.com	0
vapechaleur.com	0
vapedepartment.com	0
cigotine.com	0
smokingjs.com	0
vapekandy.com	0
vapeitecigs.com	0
vaperdragon.com	0
vaperscorner.com	0
vapes4me.com	0
cigliquid.com	0
smokeme.com	1
tobaccoleafmd.com	0
cigarbarweston.com	0
tobaccoroadoutlet.com	0
vapeemporium.com	1
tobaccoconnection.net	1
cigatonic.com	0
ciggking.com	0
cigarillosreal.es	0
smokestik.com	1
vapertrain.com	0
smokindealstobacco.com	0
vapermods.com	0
vapetronics.co.uk	0
smokeyjoesuk.eu	0
cigarsintl.biz	1
cigarname.com	0
cigarjoe.com	0
cigarstimulus.com	0
cigarguild.com	0
cigarwithnoname.com	0
cigarbailout.com	0
cigarintl.com	0
cigar-international.com	0
cigarblendlab.com	0
cigarsintl.info	0
vapelation.com	0
smoking-electronic-cigarette.co.uk	0
cigarhaggle.com	0
cigarhaggler.com	0
cigarsintl.net	0
cigarsfortroops.org	0
cigarplatz.com	0
cigarsintl.com	0
cigarsinternational.info	0
cigarofthemonth.com	0
cigarsinternational.biz	0
cigartheater.com	0
cigartheatre.com	0
cigarinternational.com	0
cigarinternational.net	0
vape-aholics.com	0
smokingvod.com	0
cigvape.ca	0
vapesafe.com	0
smoketulsa.com	0
smokingelectroniccigarette.co.uk	0
cigarhumidors-online.com	0
smokoo.com	0
smokes4lessutah.com	0
tobaccopalace.net	0
tobaccoroad-cigarsandgolf.com	0
cigarsearch.org	0
cigargrotto.com	0
cigarsnmore.com	0
smokyscigars.com	0
cigpete.com	0
cigarpete.com	0
cigarti.com	0
tobaccocountry.com	0
vape-n-throw.co.uk	0
smokingelectroniccigarettes.co.uk	0
vaperfexion.com	1
vapeteria.com	0
smokefree123.com	0
tobaccolocker.com	0
smokelesscigarettes.co.uk	0
smokingbetter.com	0
smokelesssensation.com	0
smokezip.com	0
cigarchoice.com	0
smokingsalvia.com	0
smokerswisechoice.com	0
smokersbestcigars.com	0
cigars-express.com	0
cigarstation.net	0
cigarsdist.com	0
smokesummit.com	0
smokersource.com	0
smokelessselects.com	0
cigarson6.com	0
tobaccotraderusa.com	0
cigarsuckers.com	0
vapevendor.com	0
smokinggirls.com	0
vapebox.com	1
smokeweedlegal.com	0
cigarcentral.us	0
smokeysnuff.com	0
smokersally.com	0
smokersdrugstore.com	0
smoketherevolution.com	1
cigarmerchantllc.com	0
cigarstoreandmore.net	0
smokingeverywherewashington.com	0
cigarconsignment.com	0
tobaccocompany.com	1
cigars-limited.com	0
smokelegal.net	0
vape.tv	0
smokiesok.net	0
cigarnmore.com	0
smokersoutletonline.com	0
cigars-tobacco-shopping.com	0
smoke911.com	0
smokerssavior.com	0
tobaccocenters.com	0
cigarchateau.com	0
cigeez.co.uk	0
smokingeverywhere.com	0
tobaccojunction.net	0
tobacco-zone.com	0
cigarsunlimited.biz	0
cigar-haven.com	0
smokechophouse.com	1
smokersworld.biz	0
tobaccooutfitters.net	0
cigarworld.com	0
smokersoutletinc.com	0
smokeringcigars.com	0
smokinacescigars.com	0
smokefreewi.org	0
tobaccobarnwestfield.com	0
smokeroyalblues.com	0
cigeez.com	0
smoknjoes.com	0
cignot.com	0
cigarcia.com	0
cigarettesmokeless.com	0
cigarit.com	0
smokinpremiums.com	0
cigar-emporium.com	0
cigargallery.com	0
cigarofthegods.com	0
tobaccomkt.com	0
cigartoyz.com	1
cigar-exchange.com	0
smokerisebottleshoppe.com	0
cigar.com	0
tobaccoonline.co.uk	0
cigarextras.com	1
cigar5packs.com	0
smokes-spirits.com	0
smokeinncigars.com	0
smokinhoterotics.com	0
cigarbox.com	0
cigarettefilterstore.com	0
cigsbymail.com	0
smokersdiscounts.com	0
cigars4all.com	0
smokecafe.com	0
cigarsareus.com	0
cigarhub.com	0
cigarconnoisseur.net	0
tobaccoimportusa.com	0
