snapliquids.com,purchased
tilvee.com,purchased
mikestvbox.com,purchased
gaffos.com,purchased
fragranceliquidators.com,purchased
eyewearavenue.com,purchased
gccdistribution.com,purchased
ehukka.com,purchased
tattooexpresssupply.com,purchased
sunflowershoppe.com,purchased
copperfish.com,purchased
naturalstepsformula.com,purchased
theglamourshop.com,purchased
freshfarmscbd.com,purchased
designeroptics.com,purchased
dental4savings.com,purchased
onlynaturalinc.com,purchased
shoprw.com,not purchased
earthlymist.com,not purchased
your247chemist.com,not purchased
luggagepoint.com,not purchased
growinggardensclothing.com,not purchased
blinkoptic.com,not purchased
shoppersadvantage.com,not purchased
bioactivenutrients.com,not purchased
liquidscentsations.com,not purchased
castlegoldx.com,not purchased
